,Open,High,Low,Close,Volume,TradingDate
0,7731.0,7731.0,5918.0,6400.0,1109300,2018-12-10
1,6665.0,6665.0,6398.0,6500.0,207065,2018-12-11
2,6505.0,6505.0,6345.0,6400.0,216630,2018-12-12
3,6345.0,6398.0,6185.0,6400.0,298600,2018-12-13
4,6238.0,6238.0,5972.0,6200.0,340861,2018-12-14
5,5972.0,5972.0,5332.0,5500.0,304710,2018-12-17
6,5118.0,5438.0,5118.0,5300.0,143590,2018-12-18
7,5385.0,5492.0,5332.0,5400.0,105911,2018-12-19
8,5385.0,5492.0,5332.0,5400.0,180230,2018-12-20
9,5438.0,5438.0,5225.0,5300.0,253600,2018-12-21
10,4799.0,5438.0,4532.0,5100.0,248700,2018-12-24
11,5118.0,5172.0,4905.0,5100.0,304500,2018-12-25
12,5172.0,5225.0,5118.0,5200.0,279510,2018-12-26
13,5225.0,5278.0,5118.0,5200.0,305650,2018-12-27
14,5225.0,5332.0,5172.0,5300.0,467400,2018-12-28
15,5278.0,5332.0,5225.0,5300.0,325780,2019-01-02
16,5278.0,5332.0,5118.0,5300.0,196900,2019-01-03
17,5065.0,5278.0,5065.0,5300.0,209200,2019-01-04
18,5225.0,5278.0,5172.0,5200.0,234500,2019-01-07
19,5225.0,5278.0,5065.0,5200.0,176810,2019-01-08
20,5172.0,5172.0,5065.0,5100.0,124380,2019-01-09
21,5065.0,5065.0,4959.0,5000.0,101000,2019-01-10
22,5065.0,5065.0,4852.0,5000.0,271300,2019-01-11
23,5012.0,5012.0,4799.0,5000.0,86440,2019-01-14
24,4852.0,4852.0,4532.0,4800.0,100500,2019-01-15
25,4745.0,4745.0,4265.0,4400.0,134640,2019-01-16
26,4425.0,4425.0,4319.0,4400.0,17715,2019-01-17
27,4745.0,4745.0,4319.0,4500.0,158900,2019-01-18
28,4532.0,4639.0,3892.0,4300.0,266110,2019-01-21
29,4585.0,4639.0,4532.0,4600.0,183800,2019-01-22
30,4585.0,4959.0,4532.0,4800.0,331700,2019-01-23
31,4905.0,5012.0,4905.0,5000.0,342800,2019-01-24
32,4852.0,4959.0,4692.0,5000.0,166960,2019-01-25
33,4799.0,4959.0,4745.0,4900.0,262200,2019-01-28
34,4852.0,4905.0,4799.0,4900.0,110400,2019-01-29
35,4852.0,4905.0,4745.0,4800.0,96601,2019-01-30
36,4905.0,4905.0,4799.0,4800.0,49107,2019-01-31
37,4852.0,4905.0,4852.0,4900.0,92000,2019-02-01
38,5492.0,5492.0,4905.0,5100.0,123121,2019-02-11
39,5172.0,5172.0,4959.0,5100.0,113742,2019-02-12
40,4959.0,5012.0,4799.0,4900.0,161300,2019-02-13
41,4799.0,4959.0,4799.0,4800.0,171260,2019-02-14
42,4852.0,4852.0,4799.0,4800.0,104910,2019-02-15
43,4799.0,4799.0,4745.0,4800.0,99725,2019-02-18
44,4692.0,4799.0,4692.0,4800.0,63060,2019-02-19
45,4692.0,4799.0,4692.0,4700.0,16300,2019-02-20
46,4585.0,4692.0,4265.0,4500.0,928542,2019-02-21
47,4639.0,4692.0,4532.0,4700.0,179970,2019-02-22
48,4692.0,4692.0,4585.0,4600.0,109214,2019-02-25
49,4532.0,4585.0,4372.0,4500.0,249990,2019-02-26
50,4425.0,4425.0,4265.0,4400.0,281770,2019-02-27
51,4372.0,4372.0,4212.0,4300.0,239800,2019-02-28
52,4212.0,4265.0,4212.0,4200.0,97000,2019-03-01
53,4212.0,4265.0,4212.0,4300.0,205014,2019-03-04
54,4319.0,4372.0,4265.0,4300.0,143511,2019-03-05
55,4105.0,4372.0,4105.0,4300.0,121400,2019-03-06
56,4319.0,4372.0,4265.0,4300.0,102300,2019-03-07
57,4265.0,4319.0,4212.0,4300.0,105800,2019-03-08
58,4265.0,4265.0,4212.0,4200.0,68311,2019-03-11
59,4265.0,4265.0,4212.0,4300.0,137400,2019-03-12
60,4265.0,4425.0,4265.0,4400.0,365800,2019-03-13
61,4425.0,4852.0,4425.0,4700.0,633190,2019-03-14
62,4745.0,4799.0,4639.0,4700.0,162290,2019-03-15
63,4692.0,4692.0,4585.0,4600.0,297100,2019-03-18
64,4639.0,5065.0,4532.0,4800.0,818220,2019-03-19
65,4959.0,5492.0,4959.0,5400.0,1311265,2019-03-20
66,5598.0,5865.0,5278.0,5600.0,902481,2019-03-21
67,5438.0,5652.0,5172.0,5400.0,859710,2019-03-22
68,5332.0,5812.0,5225.0,5600.0,1292868,2019-03-25
69,5705.0,5758.0,5438.0,5600.0,651170,2019-03-26
70,5652.0,6185.0,5652.0,6000.0,2189763,2019-03-27
71,5972.0,6078.0,5812.0,5900.0,677596,2019-03-28
72,5812.0,5865.0,5758.0,5800.0,432580,2019-03-29
73,5758.0,6025.0,5705.0,5800.0,592030,2019-04-01
74,5812.0,6025.0,5758.0,5900.0,521940,2019-04-02
75,5865.0,5865.0,5492.0,5600.0,992060,2019-04-03
76,5652.0,5758.0,5545.0,5700.0,511131,2019-04-04
77,5705.0,6132.0,5705.0,5900.0,707916,2019-04-05
78,5972.0,6345.0,5972.0,6200.0,1591014,2019-04-08
79,6291.0,6291.0,5652.0,5900.0,1650450,2019-04-09
80,5865.0,5972.0,5705.0,5900.0,522623,2019-04-10
81,5865.0,5972.0,5865.0,5900.0,513120,2019-04-11
82,5918.0,6025.0,5865.0,5900.0,404100,2019-04-12
83,5972.0,5972.0,5812.0,5900.0,403900,2019-04-16
84,5865.0,5972.0,5758.0,5800.0,654550,2019-04-17
85,5812.0,5812.0,5492.0,5700.0,482726,2019-04-18
86,5652.0,5812.0,5598.0,5700.0,408497,2019-04-19
87,5705.0,5812.0,5598.0,5700.0,194310,2019-04-22
88,5705.0,5758.0,5598.0,5700.0,227400,2019-04-23
89,5652.0,5758.0,5652.0,5700.0,82220,2019-04-24
90,5758.0,6078.0,5758.0,5900.0,637595,2019-04-25
91,5972.0,5972.0,5812.0,5900.0,331610,2019-04-26
92,5865.0,5865.0,5705.0,5800.0,221890,2019-05-02
93,5758.0,5812.0,5705.0,5700.0,175748,2019-05-03
94,5705.0,5705.0,5278.0,5500.0,516930,2019-05-06
95,5332.0,5492.0,5332.0,5400.0,255350,2019-05-07
96,5332.0,5332.0,5225.0,5300.0,204898,2019-05-08
97,5278.0,5278.0,5225.0,5300.0,113000,2019-05-09
98,5332.0,5438.0,5225.0,5300.0,94840,2019-05-10
99,5385.0,5438.0,5332.0,5400.0,102931,2019-05-13
100,5332.0,5385.0,5278.0,5300.0,253070,2019-05-14
101,5332.0,5598.0,5332.0,5500.0,1022184,2019-05-15
102,5598.0,5652.0,5492.0,5500.0,335295,2019-05-16
103,5545.0,5598.0,5492.0,5500.0,276700,2019-05-17
104,5492.0,5545.0,5332.0,5400.0,318888,2019-05-20
105,5438.0,5438.0,5332.0,5400.0,218258,2019-05-21
106,5385.0,5438.0,5332.0,5300.0,383759,2019-05-22
107,5385.0,5385.0,5225.0,5300.0,357810,2019-05-23
108,5278.0,5492.0,5278.0,5400.0,177817,2019-05-24
109,5332.0,5385.0,5225.0,5300.0,166030,2019-05-27
110,5278.0,5332.0,5065.0,5200.0,529960,2019-05-28
111,5118.0,5225.0,5065.0,5100.0,223270,2019-05-29
112,5172.0,5278.0,5118.0,5200.0,95902,2019-05-30
113,5118.0,5225.0,5012.0,5100.0,114544,2019-05-31
114,4959.0,4959.0,4585.0,4800.0,318010,2019-06-03
115,4799.0,4905.0,4692.0,4800.0,123100,2019-06-04
116,4905.0,5065.0,4799.0,4900.0,680044,2019-06-05
117,4959.0,4959.0,4745.0,4800.0,174020,2019-06-06
118,4852.0,4905.0,4852.0,4900.0,126110,2019-06-07
119,4852.0,4905.0,4852.0,4900.0,258820,2019-06-10
120,4852.0,4852.0,4799.0,4800.0,147761,2019-06-11
121,4852.0,4852.0,4692.0,4700.0,220500,2019-06-12
122,4745.0,4745.0,4585.0,4600.0,362620,2019-06-13
123,4639.0,4692.0,4532.0,4600.0,123982,2019-06-14
124,4585.0,4745.0,4532.0,4600.0,553232,2019-06-17
125,4639.0,5012.0,4639.0,4800.0,628710,2019-06-18
126,4959.0,4959.0,4799.0,4900.0,170482,2019-06-19
127,4852.0,4857.0,4751.0,4800.0,302600,2019-06-20
128,4799.0,4820.0,4660.0,4700.0,144860,2019-06-21
129,4745.0,4745.0,4639.0,4700.0,158500,2019-06-24
130,4692.0,4692.0,4639.0,4600.0,86829,2019-06-25
131,4639.0,4692.0,4639.0,4600.0,291558,2019-06-26
132,4692.0,4692.0,4585.0,4600.0,155800,2019-06-27
133,4639.0,4639.0,4585.0,4600.0,80410,2019-06-28
134,4639.0,4692.0,4585.0,4600.0,86810,2019-07-01
135,4639.0,4745.0,4639.0,4700.0,119300,2019-07-02
136,4799.0,4799.0,4585.0,4600.0,205832,2019-07-03
137,4639.0,4639.0,4532.0,4600.0,266041,2019-07-04
138,4585.0,4585.0,4532.0,4600.0,108700,2019-07-05
139,4585.0,4585.0,4532.0,4500.0,108920,2019-07-08
140,4532.0,4585.0,4532.0,4600.0,106800,2019-07-09
141,4585.0,4639.0,4585.0,4600.0,186704,2019-07-10
142,4692.0,4692.0,4639.0,4700.0,105622,2019-07-11
143,4692.0,4745.0,4639.0,4700.0,274001,2019-07-12
144,4692.0,4745.0,4639.0,4700.0,65720,2019-07-15
145,4639.0,4639.0,4532.0,4600.0,138000,2019-07-16
146,4585.0,4585.0,4532.0,4600.0,55100,2019-07-17
147,4585.0,4585.0,4532.0,4500.0,172800,2019-07-18
148,4639.0,4639.0,4372.0,4500.0,298900,2019-07-19
149,4479.0,4479.0,4265.0,4300.0,213178,2019-07-22
150,4265.0,4319.0,4212.0,4300.0,252500,2019-07-23
151,4425.0,4425.0,4265.0,4300.0,425030,2019-07-24
152,4372.0,4639.0,4372.0,4600.0,306416,2019-07-25
153,4639.0,4692.0,4585.0,4600.0,95579,2019-07-26
154,4532.0,4585.0,4425.0,4500.0,121800,2019-07-29
155,4479.0,4479.0,4372.0,4400.0,171110,2019-07-30
156,4479.0,4479.0,4372.0,4400.0,79100,2019-07-31
157,4425.0,4425.0,4372.0,4400.0,149300,2019-08-01
158,4372.0,4372.0,4265.0,4300.0,133700,2019-08-02
159,4319.0,4425.0,4265.0,4300.0,208334,2019-08-05
160,4319.0,4479.0,4265.0,4300.0,200100,2019-08-06
161,4372.0,4425.0,4319.0,4400.0,181220,2019-08-07
162,4372.0,4372.0,4319.0,4300.0,123630,2019-08-08
163,4319.0,4372.0,4319.0,4300.0,56405,2019-08-09
164,4319.0,4372.0,4319.0,4300.0,53900,2019-08-12
165,4319.0,4319.0,4265.0,4300.0,98100,2019-08-13
166,4319.0,4585.0,4319.0,4400.0,264450,2019-08-14
167,4372.0,4425.0,4319.0,4400.0,107400,2019-08-15
168,4425.0,4425.0,4319.0,4300.0,87400,2019-08-16
169,4265.0,4425.0,4265.0,4400.0,131000,2019-08-19
170,4372.0,4425.0,4372.0,4400.0,158750,2019-08-20
171,4319.0,4372.0,4319.0,4400.0,135900,2019-08-21
172,4372.0,4372.0,4319.0,4300.0,107408,2019-08-22
173,4319.0,4372.0,4319.0,4300.0,58300,2019-08-23
174,4319.0,4372.0,4265.0,4300.0,71550,2019-08-26
175,4319.0,4372.0,4265.0,4300.0,166300,2019-08-27
176,4319.0,4319.0,4265.0,4300.0,150310,2019-08-28
177,4265.0,4319.0,4212.0,4300.0,60050,2019-08-29
178,4212.0,4265.0,4212.0,4200.0,131732,2019-08-30
179,4212.0,4265.0,4159.0,4200.0,89700,2019-09-03
180,4212.0,4212.0,4105.0,4100.0,142400,2019-09-04
181,4159.0,4159.0,4052.0,4100.0,123701,2019-09-05
182,4105.0,4159.0,4052.0,4100.0,62300,2019-09-06
183,4105.0,4105.0,3732.0,3800.0,242000,2019-09-09
184,3786.0,3892.0,3572.0,3700.0,273716,2019-09-10
185,3572.0,3732.0,3466.0,3600.0,121700,2019-09-11
186,3626.0,3732.0,3572.0,3600.0,140200,2019-09-12
187,3626.0,3679.0,3572.0,3600.0,170540,2019-09-13
188,3626.0,3892.0,3626.0,3800.0,151099,2019-09-16
189,3786.0,3839.0,3732.0,3800.0,69211,2019-09-17
190,3786.0,3946.0,3786.0,3800.0,90200,2019-09-18
191,3839.0,3839.0,3732.0,3800.0,132900,2019-09-19
192,3732.0,3839.0,3732.0,3800.0,117190,2019-09-20
193,3786.0,3839.0,3679.0,3700.0,47600,2019-09-23
194,3732.0,3732.0,3466.0,3600.0,258140,2019-09-24
195,3732.0,3946.0,3626.0,3800.0,629634,2019-09-25
196,3839.0,3946.0,3732.0,3800.0,162300,2019-09-26
197,3786.0,3839.0,3679.0,3700.0,134300,2019-09-27
198,3732.0,3732.0,3572.0,3600.0,379560,2019-09-30
199,3572.0,3626.0,3359.0,3500.0,731740,2019-10-01
200,3466.0,3519.0,3412.0,3500.0,271400,2019-10-02
201,3412.0,3466.0,3199.0,3300.0,458628,2019-10-03
202,3199.0,3306.0,3199.0,3300.0,136700,2019-10-04
203,3306.0,3306.0,3199.0,3300.0,152050,2019-10-07
204,3199.0,3252.0,2932.0,3100.0,364240,2019-10-08
205,3039.0,3092.0,2879.0,3000.0,297830,2019-10-09
206,2879.0,3359.0,2773.0,3200.0,557757,2019-10-10
207,3466.0,3679.0,3359.0,3600.0,407740,2019-10-11
208,3839.0,4105.0,3572.0,3800.0,1147710,2019-10-14
209,3679.0,3786.0,3519.0,3700.0,459187,2019-10-15
210,3732.0,3732.0,3626.0,3700.0,201270,2019-10-16
211,3679.0,3786.0,3572.0,3700.0,271560,2019-10-17
212,3732.0,3732.0,3572.0,3600.0,128000,2019-10-18
213,3572.0,3626.0,3519.0,3500.0,171500,2019-10-21
214,3466.0,3519.0,3412.0,3400.0,189800,2019-10-22
215,3412.0,3466.0,3359.0,3400.0,393900,2019-10-23
216,3466.0,3732.0,3466.0,3600.0,619800,2019-10-24
217,3626.0,3626.0,3466.0,3500.0,163000,2019-10-25
218,3519.0,3572.0,3412.0,3500.0,295300,2019-10-28
219,3466.0,3519.0,3359.0,3400.0,287930,2019-10-29
220,3466.0,3519.0,3412.0,3400.0,237143,2019-10-30
221,3466.0,3572.0,3412.0,3400.0,223700,2019-10-31
222,3412.0,3572.0,3412.0,3500.0,360200,2019-11-01
223,3519.0,3519.0,3412.0,3500.0,210300,2019-11-04
224,3466.0,3519.0,3412.0,3500.0,167900,2019-11-05
225,3466.0,3466.0,3412.0,3400.0,127110,2019-11-06
226,3412.0,3412.0,3306.0,3400.0,563890,2019-11-07
227,3359.0,3412.0,3359.0,3400.0,109120,2019-11-08
228,3359.0,3412.0,3359.0,3400.0,249000,2019-11-11
229,3412.0,3412.0,3359.0,3400.0,152700,2019-11-12
230,3412.0,3412.0,3306.0,3300.0,61200,2019-11-13
231,3359.0,3359.0,3199.0,3300.0,412900,2019-11-14
232,3199.0,3252.0,3146.0,3200.0,186350,2019-11-15
233,3252.0,3359.0,3199.0,3300.0,346650,2019-11-18
234,3252.0,3306.0,3252.0,3300.0,94610,2019-11-19
235,3252.0,3306.0,3252.0,3300.0,60324,2019-11-20
236,3199.0,3252.0,3199.0,3200.0,120400,2019-11-21
237,3199.0,3252.0,3146.0,3200.0,198600,2019-11-22
238,3146.0,3199.0,3146.0,3100.0,80400,2019-11-25
239,3146.0,3146.0,3092.0,3100.0,242400,2019-11-26
240,3146.0,3146.0,3039.0,3100.0,215500,2019-11-27
241,3092.0,3146.0,3039.0,3100.0,270400,2019-11-28
242,3039.0,3039.0,2986.0,3000.0,240000,2019-11-29
243,3146.0,3146.0,2986.0,3000.0,172020,2019-12-02
244,2986.0,3039.0,2932.0,3000.0,51500,2019-12-03
245,2932.0,2986.0,2879.0,2900.0,167000,2019-12-04
246,2932.0,2932.0,2879.0,2900.0,95300,2019-12-05
247,2932.0,3039.0,2932.0,3000.0,95245,2019-12-06
248,2986.0,3039.0,2932.0,3000.0,125500,2019-12-09
249,2986.0,2986.0,2879.0,2900.0,64800,2019-12-10
250,2932.0,2932.0,2879.0,2900.0,73800,2019-12-11
251,2879.0,2986.0,2879.0,2900.0,101300,2019-12-12
252,2986.0,3359.0,2932.0,3200.0,647125,2019-12-13
253,3306.0,3466.0,3199.0,3300.0,270750,2019-12-16
254,3252.0,3252.0,3039.0,3100.0,161500,2019-12-17
255,3039.0,3092.0,2986.0,3000.0,153800,2019-12-18
256,2986.0,3199.0,2986.0,3100.0,220900,2019-12-19
257,3092.0,3146.0,3039.0,3100.0,53320,2019-12-20
258,3092.0,3146.0,3039.0,3100.0,176000,2019-12-23
259,3146.0,3412.0,3146.0,3300.0,731600,2019-12-24
260,3359.0,3572.0,3359.0,3500.0,950790,2019-12-25
261,3519.0,3519.0,3359.0,3400.0,702800,2019-12-26
262,3359.0,3466.0,3252.0,3400.0,497030,2019-12-27
263,3466.0,3572.0,3412.0,3500.0,346510,2019-12-30
264,3466.0,3466.0,3146.0,3300.0,376240,2019-12-31
265,3199.0,3306.0,3199.0,3200.0,223200,2020-01-02
266,3199.0,3359.0,3146.0,3300.0,137500,2020-01-03
267,3252.0,3252.0,3039.0,3200.0,403600,2020-01-06
268,3146.0,3199.0,3092.0,3100.0,194765,2020-01-07
269,3092.0,3092.0,2932.0,3000.0,374100,2020-01-08
270,3039.0,3199.0,3039.0,3100.0,60040,2020-01-09
271,3146.0,3306.0,3146.0,3200.0,379815,2020-01-10
272,3199.0,3252.0,3092.0,3200.0,101100,2020-01-13
273,3199.0,3199.0,3039.0,3100.0,84830,2020-01-14
274,3199.0,3199.0,3039.0,3100.0,145000,2020-01-15
275,3092.0,3146.0,2986.0,3000.0,206600,2020-01-16
276,3092.0,3092.0,2986.0,3000.0,86622,2020-01-17
277,3039.0,3092.0,2986.0,3000.0,204040,2020-01-20
278,3039.0,3199.0,3039.0,3100.0,185010,2020-01-21
279,3146.0,3306.0,3092.0,3200.0,252660,2020-01-22
280,3252.0,3306.0,3146.0,3200.0,171200,2020-01-30
281,3199.0,3252.0,3092.0,3100.0,66310,2020-01-31
282,3039.0,3519.0,2666.0,3300.0,665100,2020-02-03
283,3039.0,3199.0,2932.0,3000.0,208400,2020-02-04
284,3092.0,3146.0,2932.0,3000.0,98200,2020-02-05
285,2986.0,3146.0,2986.0,3100.0,144415,2020-02-06
286,3039.0,3039.0,2932.0,3000.0,299300,2020-02-07
287,2986.0,3146.0,2986.0,3100.0,175700,2020-02-10
288,3039.0,3092.0,2986.0,3000.0,44800,2020-02-11
289,3092.0,3092.0,2986.0,3000.0,213506,2020-02-12
290,2986.0,3039.0,2932.0,3000.0,153200,2020-02-13
291,2986.0,3092.0,2986.0,3000.0,170100,2020-02-14
292,3092.0,3146.0,3039.0,3100.0,231200,2020-02-17
293,3146.0,3146.0,3039.0,3100.0,144720,2020-02-18
294,3146.0,3146.0,3039.0,3100.0,57400,2020-02-19
295,3092.0,3092.0,3039.0,3100.0,97000,2020-02-20
296,3092.0,3306.0,2986.0,3200.0,519110,2020-02-21
297,3146.0,3146.0,3039.0,3100.0,118700,2020-02-24
298,3039.0,3092.0,2986.0,3000.0,75100,2020-02-25
299,2986.0,3039.0,2932.0,3000.0,212416,2020-02-26
300,2986.0,3039.0,2932.0,3000.0,82430,2020-02-27
301,2986.0,2986.0,2932.0,2900.0,133200,2020-02-28
302,2932.0,2986.0,2879.0,2900.0,138015,2020-03-02
303,2986.0,3092.0,2932.0,3000.0,70200,2020-03-03
304,3039.0,3039.0,2932.0,3000.0,212627,2020-03-04
305,2932.0,3039.0,2932.0,2900.0,230100,2020-03-05
306,2932.0,2986.0,2879.0,2900.0,176820,2020-03-06
307,2879.0,2879.0,2506.0,2600.0,503200,2020-03-09
308,2559.0,2666.0,2399.0,2600.0,297810,2020-03-10
309,2613.0,2666.0,2399.0,2500.0,246500,2020-03-11
310,2346.0,2399.0,2133.0,2200.0,723210,2020-03-12
311,2079.0,2399.0,1866.0,2100.0,497538,2020-03-13
312,2133.0,2453.0,1973.0,2400.0,256160,2020-03-16
313,2559.0,2666.0,2399.0,2500.0,360850,2020-03-17
314,2506.0,2559.0,2399.0,2400.0,257260,2020-03-18
315,2346.0,2346.0,2133.0,2200.0,278050,2020-03-19
316,2293.0,2346.0,2239.0,2300.0,105760,2020-03-20
317,2293.0,2293.0,1973.0,2000.0,615213,2020-03-23
318,2079.0,2239.0,2079.0,2200.0,265660,2020-03-24
319,2293.0,2293.0,2239.0,2300.0,142810,2020-03-25
320,2239.0,2239.0,2133.0,2200.0,259300,2020-03-26
321,2133.0,2186.0,2079.0,2100.0,136300,2020-03-27
322,2133.0,2133.0,1866.0,1900.0,245500,2020-03-30
323,2026.0,2026.0,1866.0,2000.0,165489,2020-03-31
324,1919.0,2079.0,1919.0,2000.0,90000,2020-04-01
325,2026.0,2186.0,2026.0,2100.0,246900,2020-04-03
326,2186.0,2346.0,2133.0,2200.0,316913,2020-04-06
327,2239.0,2293.0,2239.0,2200.0,248750,2020-04-07
328,2239.0,2239.0,2133.0,2200.0,118800,2020-04-08
329,2239.0,2453.0,2186.0,2300.0,748300,2020-04-09
330,2399.0,2559.0,2346.0,2400.0,788004,2020-04-10
331,2559.0,2773.0,2506.0,2800.0,396638,2020-04-13
332,2932.0,3092.0,2719.0,2900.0,1172540,2020-04-14
333,2879.0,2879.0,2719.0,2800.0,377760,2020-04-15
334,2826.0,2826.0,2719.0,2800.0,217160,2020-04-16
335,2826.0,2932.0,2719.0,2800.0,758498,2020-04-17
336,2932.0,3146.0,2879.0,3000.0,839120,2020-04-20
337,2932.0,2932.0,2719.0,2800.0,773552,2020-04-21
338,2773.0,2932.0,2719.0,2800.0,275024,2020-04-22
339,2932.0,2986.0,2826.0,2900.0,335957,2020-04-23
340,2879.0,2879.0,2773.0,2900.0,204800,2020-04-24
341,2879.0,2932.0,2826.0,2900.0,312710,2020-04-27
342,2879.0,2932.0,2773.0,2900.0,355246,2020-04-28
343,2932.0,2986.0,2879.0,2900.0,224636,2020-04-29
344,2932.0,3359.0,2932.0,3200.0,1224455,2020-05-04
345,3199.0,3252.0,3092.0,3100.0,366990,2020-05-05
346,3146.0,3199.0,3146.0,3200.0,366220,2020-05-06
347,3199.0,3572.0,3146.0,3400.0,2454330,2020-05-07
348,3732.0,3732.0,3519.0,3600.0,1189810,2020-05-08
349,3572.0,3679.0,3519.0,3600.0,505698,2020-05-11
350,3626.0,3946.0,3466.0,3700.0,1282260,2020-05-12
351,3732.0,3786.0,3626.0,3700.0,650793,2020-05-13
352,3732.0,4052.0,3679.0,3900.0,1671820,2020-05-14
353,3999.0,4212.0,3839.0,4100.0,1805410,2020-05-15
354,3999.0,4052.0,3786.0,3900.0,961020,2020-05-18
355,3999.0,4052.0,3839.0,3900.0,610602,2020-05-19
356,3839.0,3892.0,3786.0,3800.0,524100,2020-05-20
357,3892.0,3946.0,3839.0,3900.0,300012,2020-05-21
358,3892.0,4052.0,3839.0,4000.0,1113088,2020-05-22
359,3999.0,4052.0,3892.0,4000.0,519345,2020-05-25
360,3946.0,4052.0,3946.0,4000.0,574083,2020-05-26
361,3999.0,4159.0,3946.0,4100.0,737131,2020-05-27
362,4052.0,4052.0,3946.0,4000.0,481946,2020-05-28
363,3999.0,4159.0,3946.0,4100.0,727528,2020-05-29
364,4372.0,4372.0,4105.0,4300.0,890509,2020-06-01
365,4372.0,4425.0,4212.0,4300.0,747300,2020-06-02
366,4319.0,4319.0,4159.0,4200.0,814697,2020-06-03
367,4265.0,4372.0,4159.0,4300.0,1518579,2020-06-04
368,4440.0,4440.0,4203.0,4300.0,837811,2020-06-05
369,3729.0,4440.0,3729.0,4300.0,851300,2020-06-08
370,4321.0,4321.0,4203.0,4200.0,777727,2020-06-09
371,4144.0,4262.0,4144.0,4200.0,799988,2020-06-10
372,4203.0,4203.0,3848.0,4000.0,1392856,2020-06-11
373,4025.0,4025.0,3493.0,3800.0,795236,2020-06-12
374,4025.0,4203.0,3848.0,4100.0,948189,2020-06-15
375,4085.0,4203.0,4025.0,4100.0,519230,2020-06-16
376,4203.0,4203.0,4025.0,4100.0,364576,2020-06-17
377,4085.0,4085.0,3907.0,4100.0,500820,2020-06-18
378,4085.0,4144.0,4025.0,4100.0,253833,2020-06-19
379,4085.0,4144.0,4085.0,4100.0,231526,2020-06-22
380,4144.0,4380.0,4144.0,4300.0,1452108,2020-06-23
381,4321.0,4380.0,4262.0,4300.0,597000,2020-06-24
382,4262.0,4440.0,4262.0,4400.0,1327861,2020-06-25
383,4380.0,4380.0,4203.0,4300.0,722060,2020-06-26
384,4321.0,4380.0,4144.0,4300.0,1015530,2020-06-29
385,4262.0,4262.0,3729.0,4000.0,805740,2020-06-30
386,3848.0,4144.0,3848.0,4000.0,432770,2020-07-01
387,4025.0,4203.0,3966.0,4100.0,297135,2020-07-02
388,4203.0,4203.0,4085.0,4200.0,144790,2020-07-03
389,4203.0,4321.0,4203.0,4300.0,387100,2020-07-06
390,4321.0,4321.0,4203.0,4300.0,409213,2020-07-07
391,4262.0,4262.0,4144.0,4200.0,210500,2020-07-08
392,4203.0,4262.0,4203.0,4200.0,306056,2020-07-09
393,4262.0,4262.0,4144.0,4200.0,375250,2020-07-10
394,4262.0,4440.0,4203.0,4400.0,880470,2020-07-13
395,4380.0,4380.0,4321.0,4300.0,600834,2020-07-14
396,4380.0,4913.0,4321.0,4700.0,3000829,2020-07-15
397,5032.0,5032.0,4795.0,4900.0,810994,2020-07-16
398,4913.0,4913.0,4736.0,4800.0,349309,2020-07-17
399,4795.0,4795.0,4676.0,4700.0,668775,2020-07-20
400,4795.0,5091.0,4736.0,4900.0,1054931,2020-07-21
401,4913.0,4972.0,4736.0,4800.0,516863,2020-07-22
402,4795.0,4795.0,4676.0,4700.0,573012,2020-07-23
403,4736.0,4795.0,4262.0,4600.0,1589973,2020-07-24
404,4262.0,4440.0,3966.0,4200.0,1524901,2020-07-27
405,4085.0,4440.0,4025.0,4300.0,884800,2020-07-28
406,4321.0,4440.0,4085.0,4200.0,1084160,2020-07-29
407,4321.0,4499.0,4321.0,4400.0,644060,2020-07-30
408,4380.0,4440.0,4203.0,4400.0,237101,2020-07-31
409,4440.0,4617.0,4440.0,4500.0,1111049,2020-08-03
410,4676.0,4854.0,4617.0,4700.0,959521,2020-08-04
411,4736.0,4913.0,4736.0,4800.0,904298,2020-08-05
412,4913.0,5091.0,4736.0,5000.0,2236910,2020-08-06
413,4972.0,5032.0,4854.0,4900.0,471996,2020-08-07
414,4854.0,4972.0,4795.0,4900.0,664950,2020-08-10
415,4854.0,4913.0,4736.0,4800.0,1188115,2020-08-11
416,4795.0,5091.0,4736.0,5000.0,1031485,2020-08-12
417,5032.0,5032.0,4913.0,5000.0,320830,2020-08-13
418,4972.0,5032.0,4854.0,4900.0,1102445,2020-08-14
419,4913.0,4913.0,4736.0,4800.0,560760,2020-08-17
420,4913.0,4972.0,4795.0,4900.0,368191,2020-08-18
421,4854.0,4972.0,4795.0,4900.0,514170,2020-08-19
422,4972.0,5032.0,4913.0,5000.0,781269,2020-08-20
423,5032.0,5032.0,4972.0,5000.0,425780,2020-08-21
424,4972.0,5387.0,4972.0,5200.0,2085308,2020-08-24
425,5268.0,5328.0,5150.0,5200.0,671120,2020-08-25
426,5209.0,5268.0,5150.0,5200.0,562998,2020-08-26
427,5209.0,5446.0,5150.0,5300.0,1036651,2020-08-27
428,5446.0,5446.0,5209.0,5300.0,737188,2020-08-28
429,5328.0,5328.0,5150.0,5200.0,1182526,2020-08-31
430,5209.0,5268.0,5091.0,5200.0,566820,2020-09-01
431,5209.0,5328.0,5209.0,5200.0,332550,2020-09-03
432,5209.0,5268.0,4795.0,5200.0,377950,2020-09-04
433,5209.0,5328.0,5150.0,5200.0,588259,2020-09-07
434,5209.0,5268.0,5150.0,5200.0,433905,2020-09-08
435,5209.0,5564.0,5209.0,5400.0,1676425,2020-09-09
436,5446.0,5564.0,5446.0,5500.0,569740,2020-09-10
437,5446.0,5505.0,5387.0,5500.0,317305,2020-09-11
438,5387.0,5505.0,5387.0,5400.0,513050,2020-09-14
439,5446.0,5564.0,5446.0,5500.0,360961,2020-09-15
440,5446.0,5624.0,5387.0,5500.0,821212,2020-09-16
441,5624.0,5624.0,5505.0,5600.0,679222,2020-09-17
442,5564.0,5742.0,5564.0,5600.0,899610,2020-09-18
443,5624.0,5624.0,5564.0,5600.0,857656,2020-09-21
444,5564.0,5683.0,5564.0,5600.0,522813,2020-09-22
445,5683.0,5683.0,5564.0,5600.0,518940,2020-09-23
446,5624.0,5624.0,5446.0,5500.0,883540,2020-09-24
447,5505.0,5564.0,5446.0,5500.0,282770,2020-09-25
448,5505.0,5624.0,5505.0,5600.0,520526,2020-09-28
449,5564.0,5564.0,5387.0,5500.0,774150,2020-09-29
450,5387.0,5446.0,5268.0,5300.0,579030,2020-09-30
451,5387.0,5387.0,5268.0,5300.0,461050,2020-10-01
452,5328.0,5505.0,5150.0,5400.0,760859,2020-10-02
453,5387.0,5505.0,5387.0,5400.0,512500,2020-10-05
454,5505.0,5505.0,5387.0,5400.0,337100,2020-10-06
455,5387.0,5446.0,5328.0,5400.0,605500,2020-10-07
456,5387.0,5446.0,5268.0,5300.0,770800,2020-10-08
457,5328.0,5387.0,5268.0,5300.0,322300,2020-10-09
458,5328.0,5328.0,5209.0,5300.0,203600,2020-10-12
459,5268.0,5268.0,5209.0,5200.0,198700,2020-10-13
460,5209.0,5268.0,5032.0,5100.0,662700,2020-10-14
461,5091.0,5091.0,4795.0,4900.0,800400,2020-10-15
462,4854.0,4854.0,4736.0,4800.0,286500,2020-10-16
463,4795.0,4972.0,4795.0,4900.0,199200,2020-10-19
464,4913.0,4913.0,4795.0,4900.0,178900,2020-10-20
465,4854.0,4854.0,4736.0,4800.0,261600,2020-10-21
466,4854.0,4854.0,4558.0,4600.0,485500,2020-10-22
467,4676.0,4736.0,4558.0,4600.0,205200,2020-10-23
468,4617.0,4972.0,4617.0,4800.0,490000,2020-10-26
469,4795.0,4854.0,4736.0,4800.0,216300,2020-10-27
470,4676.0,4676.0,4558.0,4600.0,254100,2020-10-28
471,4558.0,4558.0,4262.0,4400.0,357500,2020-10-29
472,4440.0,4499.0,4380.0,4400.0,195600,2020-10-30
473,4499.0,4499.0,4380.0,4400.0,130000,2020-11-02
474,4499.0,4558.0,4380.0,4400.0,149400,2020-11-03
475,4440.0,4558.0,4380.0,4400.0,316300,2020-11-04
476,4499.0,4854.0,4440.0,4600.0,438400,2020-11-05
477,4736.0,4795.0,4558.0,4700.0,286100,2020-11-06
478,4736.0,4854.0,4736.0,4800.0,499200,2020-11-09
479,4913.0,4913.0,4795.0,4800.0,534100,2020-11-10
480,4795.0,4854.0,4736.0,4800.0,206100,2020-11-11
481,4854.0,4854.0,4795.0,4800.0,150800,2020-11-12
482,4854.0,4972.0,4854.0,4900.0,265200,2020-11-13
483,4972.0,4972.0,4854.0,4900.0,187400,2020-11-16
484,4913.0,4972.0,4854.0,4900.0,142000,2020-11-17
485,4972.0,4972.0,4854.0,4900.0,165800,2020-11-18
486,4972.0,4972.0,4913.0,4900.0,188300,2020-11-19
487,4972.0,5209.0,4854.0,5000.0,789900,2020-11-20
488,5150.0,5328.0,5091.0,5200.0,734600,2020-11-23
489,5268.0,5387.0,5209.0,5300.0,725400,2020-11-24
490,5328.0,5446.0,5150.0,5300.0,1500800,2020-11-25
491,5637.0,5884.0,5327.0,5600.0,1601400,2020-11-26
492,5760.0,6070.0,5698.0,5800.0,569300,2020-11-27
493,5822.0,5822.0,5575.0,5700.0,471600,2020-11-30
494,5513.0,5822.0,5389.0,5600.0,1119200,2020-12-01
495,5698.0,6008.0,5637.0,5900.0,1302400,2020-12-02
496,5946.0,6070.0,5884.0,6000.0,537600,2020-12-03
497,5946.0,5946.0,5760.0,5800.0,418400,2020-12-04
498,5822.0,5946.0,5760.0,5800.0,744300,2020-12-07
499,5946.0,6256.0,5946.0,6100.0,2514600,2020-12-08
500,6070.0,6318.0,6070.0,6200.0,1502600,2020-12-09
501,6194.0,6194.0,5884.0,6100.0,939500,2020-12-10
502,6008.0,6442.0,5946.0,6100.0,1308580,2020-12-11
503,6194.0,6318.0,6132.0,6300.0,669135,2020-12-14
504,6318.0,6442.0,6194.0,6300.0,2232815,2020-12-15
505,6380.0,6380.0,6256.0,6300.0,866085,2020-12-16
506,6318.0,6318.0,6132.0,6200.0,845100,2020-12-17
507,6194.0,6256.0,6132.0,6200.0,1061123,2020-12-18
508,6194.0,6318.0,5884.0,6100.0,2482404,2020-12-21
509,6070.0,6751.0,5946.0,6500.0,3644737,2020-12-22
510,6689.0,7061.0,6689.0,6900.0,3028848,2020-12-23
511,6813.0,6875.0,6380.0,6600.0,2230800,2020-12-24
512,6689.0,6937.0,6566.0,6700.0,2219329,2020-12-25
513,6813.0,7123.0,6813.0,7000.0,2766707,2020-12-28
514,7061.0,7123.0,6937.0,7000.0,1683343,2020-12-29
515,6999.0,7371.0,6937.0,7200.0,3793690,2020-12-30
516,7123.0,7185.0,6937.0,7000.0,718570,2020-12-31
517,7123.0,7185.0,6999.0,7000.0,1210697,2021-01-04
518,7061.0,7557.0,7061.0,7400.0,3779778,2021-01-05
519,7433.0,7433.0,7185.0,7300.0,1168261,2021-01-06
520,7309.0,7309.0,7123.0,7200.0,1053996,2021-01-07
521,7247.0,7309.0,7123.0,7200.0,1837683,2021-01-08
522,7247.0,7247.0,7061.0,7200.0,1298043,2021-01-11
523,7185.0,7619.0,7123.0,7400.0,2493902,2021-01-12
524,7495.0,7681.0,7309.0,7500.0,1450568,2021-01-13
525,7433.0,7433.0,7185.0,7300.0,758125,2021-01-14
526,7309.0,7371.0,7247.0,7300.0,1249900,2021-01-15
527,7371.0,7371.0,7247.0,7300.0,1235545,2021-01-18
528,7309.0,7371.0,6256.0,6900.0,2052820,2021-01-19
529,6937.0,7061.0,6256.0,6700.0,1156420,2021-01-20
530,7185.0,7185.0,6813.0,7000.0,689231,2021-01-21
531,6937.0,7061.0,6813.0,6900.0,579410,2021-01-22
532,6751.0,6937.0,6751.0,6900.0,650123,2021-01-25
533,6875.0,6937.0,6442.0,6700.0,1123070,2021-01-26
534,6504.0,6689.0,6070.0,6300.0,1036880,2021-01-27
535,6008.0,6070.0,5389.0,5500.0,1518400,2021-01-28
536,4645.0,5822.0,4645.0,5400.0,1322535,2021-01-29
537,5637.0,5946.0,5389.0,5600.0,537500,2021-02-01
538,5575.0,5698.0,5389.0,5600.0,244240,2021-02-02
539,5637.0,6318.0,5575.0,6000.0,683733,2021-02-03
540,6256.0,6504.0,6008.0,6300.0,479305,2021-02-04
541,6442.0,6504.0,6256.0,6400.0,452900,2021-02-05
542,6380.0,6380.0,5884.0,6100.0,548940,2021-02-08
543,6070.0,6256.0,6008.0,6100.0,326700,2021-02-09
544,6813.0,6813.0,6318.0,6500.0,291829,2021-02-17
545,6628.0,6751.0,6442.0,6600.0,537770,2021-02-18
546,6628.0,6628.0,6504.0,6600.0,657900,2021-02-19
547,6628.0,6751.0,6504.0,6600.0,869467,2021-02-22
548,6628.0,6689.0,6566.0,6600.0,770700,2021-02-23
549,6628.0,6689.0,6442.0,6500.0,732930,2021-02-24
550,6504.0,6566.0,6380.0,6400.0,512710,2021-02-25
551,6442.0,6442.0,6256.0,6400.0,460652,2021-02-26
552,6380.0,6566.0,6318.0,6500.0,1249150,2021-03-01
553,6697.0,6894.0,6566.0,6700.0,1284878,2021-03-02
554,6697.0,6894.0,6631.0,6800.0,1165166,2021-03-03
555,6763.0,7091.0,6763.0,6900.0,1407701,2021-03-04
556,6894.0,7353.0,6763.0,7100.0,2139395,2021-03-05
557,7353.0,8141.0,7222.0,7900.0,4645549,2021-03-08
558,8141.0,8404.0,7813.0,8200.0,2469091,2021-03-09
559,8141.0,8141.0,7682.0,7800.0,1426069,2021-03-10
560,7879.0,8076.0,7682.0,7800.0,1969995,2021-03-11
561,7879.0,8010.0,7747.0,7900.0,1825506,2021-03-12
562,7879.0,7879.0,7616.0,7700.0,1721300,2021-03-15
563,7682.0,7747.0,7353.0,7500.0,2521674,2021-03-16
564,7485.0,7813.0,7485.0,7700.0,1308562,2021-03-17
565,7747.0,7813.0,7616.0,7700.0,797294,2021-03-18
566,7747.0,7747.0,7550.0,7600.0,796353,2021-03-19
567,7550.0,7616.0,7419.0,7500.0,1082992,2021-03-22
568,7550.0,7550.0,7353.0,7400.0,1064431,2021-03-23
569,7419.0,7747.0,7288.0,7500.0,2007591,2021-03-24
570,7616.0,7682.0,7419.0,7500.0,761605,2021-03-25
571,7550.0,7550.0,6960.0,7200.0,1256112,2021-03-26
572,7485.0,7616.0,7222.0,7400.0,1114985,2021-03-29
573,7550.0,7813.0,7485.0,7600.0,1428737,2021-03-30
574,7616.0,7616.0,7419.0,7500.0,721168,2021-03-31
575,7485.0,7747.0,7419.0,7600.0,1485420,2021-04-01
576,7682.0,7813.0,7550.0,7700.0,1580669,2021-04-02
577,7747.0,7879.0,7682.0,7800.0,2667968,2021-04-05
578,7813.0,8404.0,7747.0,8100.0,5798620,2021-04-06
579,8273.0,8338.0,8076.0,8200.0,1219205,2021-04-07
580,8076.0,8141.0,7879.0,8000.0,1548117,2021-04-08
581,7944.0,7944.0,7616.0,7800.0,2678746,2021-04-09
582,7879.0,8010.0,7747.0,7900.0,1842412,2021-04-12
583,7879.0,8076.0,7222.0,7700.0,2652192,2021-04-13
584,7682.0,7682.0,7419.0,7500.0,1039500,2021-04-14
585,7550.0,7747.0,7353.0,7500.0,1066857,2021-04-15
586,7485.0,7485.0,6894.0,7200.0,2044962,2021-04-16
587,7419.0,7485.0,6894.0,7000.0,707958,2021-04-19
588,7025.0,7156.0,6697.0,6900.0,1114404,2021-04-20
589,6894.0,6894.0,6369.0,6600.0,1273200,2021-04-22
590,6500.0,6828.0,6237.0,6500.0,861232,2021-04-23
591,6631.0,6697.0,6434.0,6500.0,483253,2021-04-26
592,6631.0,6697.0,6369.0,6600.0,727863,2021-04-27
593,6566.0,6697.0,6500.0,6600.0,398408,2021-04-28
594,6631.0,6894.0,6631.0,6700.0,704448,2021-04-29
595,6631.0,6631.0,6303.0,6500.0,622056,2021-05-04
596,6566.0,6697.0,6500.0,6600.0,616710,2021-05-05
597,6697.0,6763.0,6566.0,6600.0,859116,2021-05-06
598,6566.0,6566.0,6434.0,6500.0,631583,2021-05-07
599,6369.0,6500.0,6303.0,6400.0,828771,2021-05-10
600,6369.0,6500.0,6303.0,6400.0,627649,2021-05-11
601,6434.0,6500.0,6303.0,6400.0,821650,2021-05-12
602,6369.0,7025.0,6369.0,6800.0,1285786,2021-05-13
603,6697.0,6763.0,6500.0,6600.0,466734,2021-05-14
604,6697.0,6697.0,6434.0,6500.0,237340,2021-05-17
605,6566.0,6566.0,6369.0,6400.0,428380,2021-05-18
606,6434.0,6631.0,6303.0,6400.0,583247,2021-05-19
607,6434.0,6434.0,6172.0,6200.0,814680,2021-05-20
608,6237.0,6434.0,5843.0,6100.0,1338916,2021-05-21
609,6369.0,6434.0,6172.0,6300.0,377268,2021-05-24
610,6369.0,6369.0,6237.0,6300.0,384542,2021-05-25
611,6303.0,6369.0,6172.0,6200.0,718286,2021-05-26
612,6172.0,6369.0,6106.0,6200.0,1013597,2021-05-27
613,6237.0,6303.0,6106.0,6200.0,610010,2021-05-28
614,6172.0,6434.0,6106.0,6200.0,1125848,2021-05-31
615,6434.0,6894.0,6434.0,6600.0,1305671,2021-06-01
616,6894.0,7025.0,6763.0,6900.0,1286424,2021-06-02
617,6960.0,7025.0,6828.0,6900.0,1097289,2021-06-03
618,6960.0,6960.0,6697.0,6800.0,721241,2021-06-04
619,6763.0,6828.0,6500.0,6600.0,955090,2021-06-07
620,6697.0,6763.0,6434.0,6600.0,830748,2021-06-08
621,6566.0,6566.0,6369.0,6500.0,620196,2021-06-09
622,6566.0,6566.0,6369.0,6400.0,462872,2021-06-10
623,6434.0,6566.0,6369.0,6500.0,500611,2021-06-11
624,6566.0,6631.0,6434.0,6500.0,678714,2021-06-14
625,6500.0,6566.0,6369.0,6400.0,698252,2021-06-15
626,6500.0,7091.0,6500.0,6900.0,2394774,2021-06-16
627,6894.0,6894.0,6631.0,6800.0,706994,2021-06-17
628,6828.0,7419.0,6763.0,7200.0,3221125,2021-06-18
629,7353.0,7419.0,7091.0,7200.0,1091445,2021-06-21
630,7222.0,7288.0,6894.0,7100.0,1318054,2021-06-22
631,6960.0,7025.0,6828.0,6900.0,955873,2021-06-23
632,6894.0,6894.0,6631.0,6700.0,990541,2021-06-24
633,6763.0,6828.0,6566.0,6600.0,626938,2021-06-25
634,6763.0,6763.0,6631.0,6700.0,434631,2021-06-28
635,6697.0,6763.0,6631.0,6700.0,497364,2021-06-29
636,6697.0,6697.0,6500.0,6600.0,613449,2021-06-30
637,6697.0,6763.0,6566.0,6600.0,413365,2021-07-01
638,6763.0,6763.0,6500.0,6600.0,737056,2021-07-02
639,6631.0,6631.0,6303.0,6400.0,807708,2021-07-05
640,6369.0,6434.0,6040.0,6300.0,805068,2021-07-06
641,6172.0,6172.0,5843.0,6000.0,955498,2021-07-07
642,6040.0,6106.0,5909.0,6000.0,323481,2021-07-08
643,5975.0,5975.0,5778.0,5900.0,512634,2021-07-09
644,5843.0,5843.0,5055.0,5400.0,939698,2021-07-12
645,5449.0,5646.0,5384.0,5500.0,412341,2021-07-13
646,5778.0,5778.0,5449.0,5500.0,374279,2021-07-14
647,5581.0,5712.0,5515.0,5600.0,278830,2021-07-15
648,5646.0,5843.0,5646.0,5800.0,334782,2021-07-16
649,5843.0,5843.0,5384.0,5500.0,644222,2021-07-19
650,5581.0,5712.0,5252.0,5500.0,331246,2021-07-20
651,5712.0,5712.0,5449.0,5600.0,310861,2021-07-21
652,5581.0,5778.0,5515.0,5700.0,362100,2021-07-22
653,5778.0,5778.0,5515.0,5600.0,273054,2021-07-23
654,5581.0,5712.0,5449.0,5600.0,175953,2021-07-26
655,5581.0,5712.0,5581.0,5600.0,191608,2021-07-27
656,5646.0,6106.0,5581.0,5900.0,808047,2021-07-28
657,5975.0,6040.0,5909.0,5900.0,165728,2021-07-29
658,5975.0,6040.0,5843.0,5900.0,347865,2021-07-30
659,6040.0,6434.0,5909.0,6100.0,724284,2021-08-02
660,6106.0,6237.0,6040.0,6100.0,279262,2021-08-03
661,6172.0,6172.0,6040.0,6100.0,234216,2021-08-04
662,6040.0,6106.0,5909.0,6000.0,332030,2021-08-05
663,6040.0,6237.0,5975.0,6100.0,651044,2021-08-06
664,6172.0,6434.0,6106.0,6300.0,1776436,2021-08-09
665,6369.0,6697.0,6303.0,6600.0,2080300,2021-08-10
666,6697.0,7025.0,6631.0,6800.0,3333966,2021-08-11
667,6828.0,7485.0,6828.0,7100.0,4933789,2021-08-12
668,7091.0,7419.0,6763.0,7000.0,4851712,2021-08-13
669,7025.0,7353.0,6960.0,7100.0,2642833,2021-08-16
670,7091.0,7156.0,6763.0,6900.0,3393961,2021-08-17
671,6763.0,6894.0,6697.0,6800.0,2793667,2021-08-18
672,6697.0,7025.0,6697.0,6900.0,2689550,2021-08-19
673,6960.0,7419.0,6960.0,7200.0,9713905,2021-08-20
674,7156.0,7550.0,7156.0,7400.0,4216927,2021-08-23
675,7353.0,7353.0,6894.0,7100.0,2898433,2021-08-24
676,6960.0,6960.0,6566.0,6700.0,4816368,2021-08-25
677,6828.0,7025.0,6697.0,6900.0,2911520,2021-08-26
678,6960.0,7616.0,6763.0,7500.0,4855177,2021-08-27
679,7485.0,8076.0,7419.0,7800.0,6487301,2021-08-30
680,7879.0,7944.0,7550.0,7700.0,3806607,2021-08-31
681,7616.0,8076.0,7485.0,7900.0,5707619,2021-09-01
682,8076.0,8273.0,7879.0,8100.0,3915259,2021-09-06
683,8076.0,8076.0,7616.0,7800.0,3659122,2021-09-07
684,7682.0,7813.0,7485.0,7700.0,2290167,2021-09-08
685,7747.0,8010.0,7550.0,7800.0,2613171,2021-09-09
686,7879.0,7879.0,7616.0,7700.0,2321523,2021-09-10
687,7616.0,7616.0,7156.0,7300.0,5357919,2021-09-13
688,7516.0,7586.0,7307.0,7400.0,1634911,2021-09-14
689,7377.0,8212.0,7377.0,7900.0,3601996,2021-09-15
690,8143.0,8282.0,7795.0,8000.0,1772249,2021-09-16
691,7725.0,8143.0,7655.0,8000.0,2759807,2021-09-17
692,8003.0,8630.0,8003.0,8300.0,5461211,2021-09-20
693,8143.0,8351.0,7864.0,8100.0,2787749,2021-09-21
694,8212.0,8630.0,8212.0,8500.0,4526596,2021-09-22
695,8630.0,8978.0,8212.0,8500.0,3672422,2021-09-23
696,8351.0,8351.0,8073.0,8200.0,1853624,2021-09-24
697,8143.0,8143.0,7447.0,7700.0,3764881,2021-09-27
698,7447.0,7795.0,7307.0,7500.0,1794169,2021-09-28
699,7516.0,8212.0,7516.0,8000.0,1665727,2021-09-29
700,8073.0,8282.0,7934.0,8100.0,928399,2021-09-30
701,8143.0,8143.0,7795.0,7900.0,1791694,2021-10-01
702,7864.0,8073.0,7655.0,7900.0,1919700,2021-10-04
703,8073.0,8212.0,7934.0,8000.0,1767978,2021-10-05
704,8003.0,8491.0,8003.0,8300.0,5438567,2021-10-06
705,8351.0,8560.0,8282.0,8400.0,2959206,2021-10-07
706,8351.0,8421.0,8143.0,8200.0,2169477,2021-10-08
707,8212.0,8351.0,8073.0,8200.0,2118221,2021-10-11
708,8212.0,8212.0,7864.0,8000.0,2616933,2021-10-12
709,8073.0,8212.0,7934.0,8100.0,1528946,2021-10-13
710,8143.0,8351.0,8073.0,8200.0,1883159,2021-10-14
711,8212.0,8282.0,8003.0,8100.0,2258532,2021-10-15
712,8143.0,8143.0,7934.0,8000.0,1899708,2021-10-18
713,8003.0,8003.0,7864.0,7900.0,1417757,2021-10-19
714,8073.0,8143.0,7795.0,7900.0,1890396,2021-10-20
715,8003.0,8073.0,7864.0,8000.0,1520715,2021-10-21
716,8073.0,8769.0,8073.0,8500.0,8731778,2021-10-22
717,8630.0,9256.0,8630.0,9100.0,5046388,2021-10-25
718,9047.0,9117.0,8699.0,8900.0,3856617,2021-10-26
719,9117.0,9187.0,8908.0,9000.0,3849700,2021-10-27
720,9047.0,9117.0,8839.0,9000.0,3222896,2021-10-28
721,9117.0,9743.0,8978.0,9500.0,4881380,2021-10-29
722,9743.0,9952.0,9604.0,9800.0,3491284,2021-11-01
723,9813.0,9952.0,9604.0,9700.0,3992246,2021-11-02
724,9882.0,10161.0,9047.0,9600.0,5165091,2021-11-03
725,9256.0,9952.0,9256.0,9700.0,3469746,2021-11-04
726,9813.0,10161.0,9743.0,10000.0,2085630,2021-11-05
727,9813.0,10718.0,9743.0,10100.0,3622498,2021-11-08
728,10230.0,10439.0,10230.0,10300.0,2401188,2021-11-09
729,10439.0,10926.0,10300.0,10700.0,2332828,2021-11-10
730,10022.0,11414.0,10022.0,11100.0,2921763,2021-11-11
731,10996.0,12666.0,10996.0,12000.0,4429362,2021-11-12
732,12527.0,13710.0,12527.0,13600.0,3949753,2021-11-15
733,13849.0,14406.0,12736.0,13300.0,2799061,2021-11-16
734,13710.0,14754.0,12875.0,13700.0,2910875,2021-11-17
735,14128.0,15241.0,13710.0,14800.0,2027668,2021-11-18
736,15172.0,15311.0,12666.0,14700.0,3718081,2021-11-19
737,14615.0,14754.0,12875.0,13600.0,4255722,2021-11-22
738,12875.0,13989.0,12597.0,13300.0,2425499,2021-11-23
739,13849.0,14963.0,13571.0,14600.0,1529911,2021-11-24
740,14545.0,15241.0,14058.0,14800.0,1579310,2021-11-25
741,14615.0,15241.0,14128.0,14700.0,2546801,2021-11-26
742,14058.0,16703.0,13849.0,15300.0,3185047,2021-11-29
743,15937.0,16772.0,15450.0,16400.0,2372595,2021-11-30
744,16703.0,16981.0,16076.0,16700.0,2012359,2021-12-01
745,16633.0,17190.0,16216.0,16700.0,2313107,2021-12-02
746,16842.0,17260.0,16564.0,16800.0,3554271,2021-12-03
747,16633.0,16772.0,14476.0,15800.0,3302774,2021-12-06
748,15311.0,16007.0,14545.0,15200.0,3033491,2021-12-07
749,15589.0,16355.0,15311.0,15700.0,1231747,2021-12-08
750,15311.0,16424.0,15241.0,15800.0,1005083,2021-12-09
751,16076.0,16216.0,15659.0,15900.0,967131,2021-12-10
752,15868.0,17399.0,15868.0,16900.0,1638454,2021-12-13
753,16912.0,17399.0,16355.0,16700.0,1499130,2021-12-14
754,16285.0,16564.0,16007.0,16200.0,1247500,2021-12-15
755,16146.0,16842.0,15659.0,16200.0,1282627,2021-12-16
756,16424.0,16912.0,15868.0,16700.0,1594864,2021-12-17
757,16842.0,17399.0,16633.0,17000.0,1927090,2021-12-20
758,16981.0,17747.0,16912.0,17500.0,2728545,2021-12-21
759,17468.0,17747.0,17120.0,17400.0,1685734,2021-12-22
760,17399.0,17538.0,16007.0,16900.0,2389180,2021-12-23
761,16842.0,16842.0,16146.0,16500.0,1430056,2021-12-24
762,16564.0,17399.0,16355.0,16800.0,1235865,2021-12-27
763,16633.0,17051.0,16007.0,16400.0,2114241,2021-12-28
764,16285.0,16424.0,15659.0,15900.0,1482118,2021-12-29
765,15868.0,16842.0,15311.0,16400.0,2396682,2021-12-30
766,16355.0,16912.0,15937.0,16500.0,1656194,2021-12-31
767,16355.0,18930.0,16355.0,18300.0,8586054,2022-01-04
768,19487.0,20948.0,18930.0,20500.0,5686340,2022-01-05
769,20739.0,21922.0,20530.0,21000.0,4742923,2022-01-06
770,20739.0,20948.0,19835.0,20400.0,4691515,2022-01-07
771,20461.0,22270.0,19835.0,21200.0,6437366,2022-01-10
772,18791.0,23036.0,18791.0,21500.0,9366866,2022-01-11
773,20878.0,22897.0,20391.0,21400.0,4927887,2022-01-12
774,21226.0,21714.0,18791.0,20000.0,4218274,2022-01-13
775,18164.0,20391.0,17816.0,19200.0,2528885,2022-01-14
776,19556.0,20530.0,18095.0,19300.0,3175037,2022-01-17
777,18791.0,20182.0,17538.0,18800.0,4114074,2022-01-18
778,18095.0,18303.0,16146.0,16700.0,4975454,2022-01-19
779,16706.0,19163.0,16706.0,18700.0,3305029,2022-01-20
780,21423.0,21521.0,19654.0,20600.0,3708812,2022-01-21
781,20538.0,20637.0,18180.0,19300.0,1546324,2022-01-24
782,18180.0,21423.0,17689.0,19900.0,3986862,2022-01-25
783,18671.0,20440.0,18376.0,19500.0,1427773,2022-01-26
784,19261.0,19457.0,18278.0,18700.0,768505,2022-01-27
785,18475.0,18671.0,17590.0,17900.0,1699171,2022-01-28
786,18770.0,19654.0,18573.0,19000.0,1237887,2022-02-07
787,18671.0,19851.0,18671.0,19300.0,3377142,2022-02-08
788,19556.0,21030.0,19556.0,20000.0,5475178,2022-02-09
789,20047.0,21030.0,19851.0,20500.0,5977436,2022-02-10
790,20440.0,21128.0,20342.0,20600.0,2215056,2022-02-11
791,20637.0,20932.0,19457.0,20200.0,5426982,2022-02-14
792,19654.0,20047.0,18966.0,19600.0,2093452,2022-02-15
793,19851.0,20538.0,19654.0,20200.0,2379499,2022-02-16
794,20244.0,21423.0,20047.0,20900.0,7236364,2022-02-17
795,21325.0,21914.0,20637.0,21400.0,4228177,2022-02-18
796,21325.0,22406.0,20833.0,21600.0,4133444,2022-02-21
797,21521.0,21619.0,20145.0,20800.0,4867097,2022-02-22
798,20735.0,21128.0,20538.0,20900.0,2503698,2022-02-23
799,20833.0,20833.0,18868.0,20100.0,4771421,2022-02-24
800,19654.0,20538.0,19654.0,20100.0,2056781,2022-02-25
801,20145.0,20145.0,19556.0,19800.0,2424559,2022-02-28
802,19949.0,20440.0,19457.0,19900.0,2872671,2022-03-01
803,20244.0,20440.0,19752.0,20100.0,1819565,2022-03-02
804,20145.0,20244.0,19654.0,20000.0,2298687,2022-03-03
805,20244.0,22111.0,20244.0,21600.0,7804937,2022-03-04
806,21619.0,22504.0,20833.0,22000.0,4190150,2022-03-07
807,22012.0,23290.0,21325.0,22300.0,6583117,2022-03-08
808,22307.0,22897.0,21030.0,21900.0,4364229,2022-03-09
809,22209.0,22995.0,22111.0,22400.0,2029769,2022-03-10
810,22307.0,23388.0,21718.0,22700.0,6261313,2022-03-11
811,22406.0,22602.0,21619.0,22100.0,3187517,2022-03-14
812,22111.0,25059.0,21914.0,23500.0,8015766,2022-03-15
813,24076.0,24961.0,23585.0,24100.0,3397719,2022-03-16
814,24076.0,24568.0,23781.0,24000.0,2428127,2022-03-17
815,23978.0,24568.0,23683.0,24100.0,3389669,2022-03-18
816,24174.0,25452.0,24076.0,24900.0,3948598,2022-03-21
817,25157.0,25354.0,24568.0,24800.0,3077757,2022-03-22
818,24764.0,25059.0,23781.0,24300.0,5219118,2022-03-23
819,23880.0,24469.0,23093.0,24000.0,3247963,2022-03-24
820,24174.0,24961.0,24076.0,24600.0,3246916,2022-03-25
821,24568.0,24764.0,23781.0,24300.0,3864537,2022-03-28
822,24371.0,25059.0,24174.0,24700.0,3823828,2022-03-29
823,24961.0,26435.0,24371.0,25400.0,5688022,2022-03-30
824,25550.0,26042.0,24371.0,25000.0,3153729,2022-03-31
825,24862.0,25255.0,24371.0,24800.0,2371131,2022-04-01
826,25059.0,25452.0,24666.0,25000.0,3688703,2022-04-04
827,24862.0,26042.0,24666.0,25400.0,4645856,2022-04-05
828,25550.0,26042.0,25157.0,25600.0,4154490,2022-04-06
829,25648.0,25648.0,24764.0,25200.0,2615489,2022-04-07
830,24862.0,25059.0,23487.0,24000.0,6465863,2022-04-08
831,23585.0,24076.0,22209.0,22800.0,3851140,2022-04-12
832,22602.0,24469.0,22504.0,23300.0,2875242,2022-04-13
833,23880.0,23978.0,23192.0,23500.0,1302104,2022-04-14
834,23585.0,23683.0,23093.0,23400.0,1850858,2022-04-15
835,23192.0,23192.0,20440.0,21400.0,4537225,2022-04-18
836,21030.0,21423.0,19457.0,20200.0,3461637,2022-04-19
837,19556.0,20145.0,19261.0,19500.0,2231959,2022-04-20
838,19359.0,21128.0,18573.0,19400.0,3679330,2022-04-21
839,19556.0,20538.0,18966.0,19700.0,2050191,2022-04-22
840,19163.0,19457.0,16706.0,16900.0,6550501,2022-04-25
841,15232.0,16411.0,14446.0,14800.0,7415017,2022-04-26
842,15723.0,16116.0,15035.0,15700.0,1936947,2022-04-27
843,16018.0,16902.0,15723.0,16500.0,2527511,2022-04-28
844,16313.0,16804.0,16018.0,16500.0,2484662,2022-04-29
845,16608.0,17492.0,16509.0,16900.0,4021191,2022-05-04
846,16804.0,17492.0,16215.0,16700.0,4252654,2022-05-05
847,16706.0,16706.0,15920.0,16300.0,2462232,2022-05-06
848,15821.0,15920.0,13954.0,14500.0,4987335,2022-05-09
849,13954.0,14347.0,12579.0,13400.0,2549466,2022-05-10
850,13856.0,14249.0,13561.0,13900.0,1250139,2022-05-11
851,13856.0,14151.0,12087.0,13100.0,2428852,2022-05-12
852,12480.0,13070.0,11498.0,12100.0,4260820,2022-05-13
853,11891.0,13070.0,11792.0,12600.0,2591314,2022-05-16
854,12480.0,13758.0,12087.0,13300.0,3370993,2022-05-17
855,13266.0,14151.0,13266.0,13800.0,3085183,2022-05-18
856,13266.0,13758.0,12677.0,13400.0,2413982,2022-05-19
857,13365.0,13954.0,13365.0,13700.0,3454145,2022-05-20
858,13758.0,14446.0,13463.0,13900.0,3736487,2022-05-23
859,13758.0,13954.0,13266.0,13600.0,2251143,2022-05-24
860,13856.0,14544.0,13758.0,14100.0,4786361,2022-05-25
861,14249.0,14839.0,14249.0,14600.0,4184392,2022-05-26
862,14544.0,14741.0,14347.0,14500.0,2496182,2022-05-27
863,14446.0,14741.0,14347.0,14500.0,3268803,2022-05-30
864,14642.0,15035.0,14347.0,14700.0,4879320,2022-05-31
865,14741.0,14937.0,14347.0,14600.0,2500494,2022-06-01
866,14642.0,14937.0,14446.0,14700.0,3502033,2022-06-02
867,14446.0,14544.0,13856.0,14200.0,2500335,2022-06-03
868,14249.0,14544.0,13856.0,14200.0,2283402,2022-06-06
869,13856.0,13856.0,12873.0,13300.0,3112144,2022-06-07
870,13365.0,13856.0,13365.0,13700.0,2715663,2022-06-08
871,13660.0,14741.0,13660.0,14300.0,3700654,2022-06-09
872,14249.0,14544.0,13758.0,14100.0,2358541,2022-06-10
873,13758.0,13758.0,12579.0,13100.0,4365192,2022-06-13
874,12382.0,13365.0,12087.0,12900.0,3656867,2022-06-14
875,12677.0,13266.0,11498.0,12700.0,3382661,2022-06-15
876,12185.0,12972.0,12185.0,12300.0,1651496,2022-06-16
877,12185.0,12284.0,10810.0,11200.0,3170954,2022-06-17
878,10908.0,11596.0,9532.0,10100.0,2396796,2022-06-20
879,10122.0,10122.0,8648.0,9100.0,2034264,2022-06-21
880,8943.0,9925.0,8844.0,9500.0,1576125,2022-06-22
881,9434.0,9827.0,9237.0,9500.0,975181,2022-06-23
882,9827.0,10318.0,9532.0,9900.0,1428283,2022-06-24
883,11399.0,11399.0,9827.0,10100.0,717616,2022-06-27
884,10711.0,10711.0,10122.0,10400.0,1323369,2022-06-28
885,10613.0,10613.0,10024.0,10200.0,1295778,2022-06-29
886,10220.0,10417.0,9630.0,10000.0,1227838,2022-06-30
887,10220.0,10220.0,9139.0,9500.0,1370757,2022-07-01
888,9827.0,10024.0,9630.0,9800.0,696766,2022-07-04
889,9827.0,9827.0,9434.0,9600.0,804087,2022-07-05
890,10908.0,10908.0,9237.0,9400.0,1078825,2022-07-06
891,9336.0,9532.0,9041.0,9200.0,770627,2022-07-07
892,9336.0,10122.0,9336.0,9800.0,1696379,2022-07-08
893,10122.0,10318.0,9630.0,9900.0,1379312,2022-07-11
894,9925.0,10417.0,9729.0,10100.0,1928333,2022-07-12
895,10515.0,11203.0,10318.0,10700.0,2503340,2022-07-13
896,10613.0,11006.0,10417.0,10700.0,1390733,2022-07-14
897,10810.0,11203.0,10613.0,10900.0,1661441,2022-07-15
898,11203.0,11792.0,10810.0,11400.0,3200642,2022-07-18
899,11498.0,11596.0,11006.0,11200.0,2007615,2022-07-19
900,11301.0,11792.0,11301.0,11600.0,2873684,2022-07-20
901,11596.0,11792.0,11301.0,11500.0,1548796,2022-07-21
902,11399.0,11694.0,11203.0,11400.0,1354184,2022-07-22
903,11301.0,11399.0,11105.0,11200.0,783171,2022-07-25
904,11006.0,11694.0,11006.0,11400.0,1139329,2022-07-26
905,11301.0,11596.0,11105.0,11400.0,1042543,2022-07-27
906,11596.0,12087.0,11596.0,11800.0,2034272,2022-07-28
907,11694.0,11989.0,11596.0,11700.0,1089876,2022-07-29
908,11694.0,12284.0,11596.0,12000.0,2305908,2022-08-01
909,12284.0,12972.0,12185.0,12700.0,3514802,2022-08-02
910,12677.0,12972.0,12382.0,12700.0,1725322,2022-08-03
911,12677.0,12972.0,12382.0,12700.0,2182290,2022-08-04
912,12480.0,12775.0,12480.0,12600.0,1376022,2022-08-05
913,12775.0,13266.0,12775.0,13000.0,2092332,2022-08-08
914,13168.0,13168.0,12775.0,13000.0,1128160,2022-08-09
915,12873.0,13266.0,12775.0,13100.0,1337630,2022-08-10
916,13070.0,13463.0,12579.0,13000.0,2131470,2022-08-11
917,12677.0,13070.0,12579.0,12800.0,857295,2022-08-12
918,12972.0,13168.0,12873.0,13000.0,880594,2022-08-15
919,13070.0,13365.0,12972.0,13200.0,2408877,2022-08-16
920,13266.0,13561.0,13070.0,13300.0,1445510,2022-08-17
921,13070.0,13168.0,12775.0,13000.0,919117,2022-08-18
922,12873.0,13070.0,12579.0,12800.0,1728334,2022-08-19
923,12775.0,12775.0,12382.0,12500.0,1351124,2022-08-22
924,12480.0,13168.0,12185.0,12600.0,2383534,2022-08-23
925,12873.0,13266.0,12873.0,13000.0,1057641,2022-08-24
926,13070.0,13660.0,12873.0,13400.0,4268666,2022-08-25
927,13561.0,13561.0,13168.0,13300.0,1315614,2022-08-26
928,13070.0,13168.0,12382.0,12700.0,2822626,2022-08-29
929,12972.0,13168.0,12775.0,13000.0,1359807,2022-08-30
930,12677.0,13070.0,12677.0,12900.0,990564,2022-08-31
931,12972.0,13070.0,12873.0,12900.0,1079645,2022-09-05
932,13070.0,13954.0,13070.0,13600.0,4763186,2022-09-06
933,13660.0,14249.0,13365.0,13800.0,3544111,2022-09-07
934,13561.0,13758.0,13168.0,13400.0,2259579,2022-09-08
935,13266.0,13561.0,12677.0,13200.0,2588356,2022-09-09
936,13561.0,13758.0,13365.0,13600.0,1251716,2022-09-12
937,13758.0,14053.0,13266.0,13600.0,2580121,2022-09-13
938,13660.0,14249.0,13266.0,13900.0,4724529,2022-09-14
939,14151.0,14347.0,13954.0,14100.0,1749475,2022-09-15
940,14151.0,14249.0,13660.0,14000.0,4155184,2022-09-16
941,13954.0,14249.0,13463.0,13900.0,2908439,2022-09-19
942,13758.0,13856.0,12677.0,13200.0,3076189,2022-09-20
943,13463.0,13954.0,12972.0,13600.0,1481054,2022-09-21
944,13660.0,14053.0,13365.0,13800.0,2283098,2022-09-22
945,13856.0,14642.0,13856.0,14200.0,4907254,2022-09-23
946,13954.0,14347.0,13463.0,13800.0,2922132,2022-09-26
947,14053.0,14347.0,13758.0,14100.0,2246168,2022-09-27
948,14053.0,14053.0,12382.0,13200.0,5749462,2022-09-28
949,13168.0,13168.0,11792.0,12400.0,2889662,2022-09-29
950,11891.0,12185.0,11105.0,11600.0,2153732,2022-09-30
951,12087.0,12087.0,10515.0,11200.0,1684207,2022-10-03
952,10908.0,11399.0,10515.0,10900.0,1255431,2022-10-04
953,10908.0,11301.0,10613.0,11100.0,1296399,2022-10-05
954,11203.0,11301.0,10122.0,10700.0,1170778,2022-10-06
955,10318.0,10318.0,9237.0,9700.0,1495323,2022-10-07
956,9336.0,10024.0,8844.0,9700.0,1261208,2022-10-10
957,9532.0,9925.0,8844.0,9500.0,1223006,2022-10-11
958,9336.0,10024.0,9041.0,9700.0,1092847,2022-10-12
959,9827.0,9925.0,9630.0,9800.0,709268,2022-10-13
960,9925.0,10318.0,9925.0,10100.0,925035,2022-10-14
961,10122.0,10318.0,9729.0,10000.0,951026,2022-10-17
962,10220.0,10515.0,10122.0,10400.0,840019,2022-10-18
963,10417.0,10417.0,9925.0,10100.0,622783,2022-10-19
964,10122.0,10122.0,9827.0,9900.0,562970,2022-10-20
965,9827.0,9925.0,9041.0,9400.0,1275175,2022-10-21
966,9336.0,9434.0,8156.0,8700.0,1396846,2022-10-24
967,8156.0,8943.0,7862.0,8300.0,1444980,2022-10-25
968,8353.0,8746.0,8156.0,8400.0,442726,2022-10-26
969,7272.0,8943.0,7272.0,8600.0,1120543,2022-10-27
970,8746.0,9041.0,8549.0,8800.0,566084,2022-10-28
971,8746.0,8943.0,8353.0,8600.0,810395,2022-10-31
972,8746.0,8943.0,8746.0,8900.0,967580,2022-11-01
973,8844.0,9139.0,8746.0,9000.0,859193,2022-11-02
974,8943.0,9630.0,8648.0,9200.0,1295920,2022-11-03
975,9336.0,9336.0,8549.0,8900.0,1120522,2022-11-04
976,8844.0,8844.0,7567.0,8000.0,1492544,2022-11-07
977,7862.0,8255.0,7370.0,7800.0,883629,2022-11-08
978,7862.0,8255.0,7862.0,8100.0,494526,2022-11-09
979,8058.0,8058.0,6879.0,7200.0,1827784,2022-11-10
980,6289.0,7665.0,6191.0,7100.0,996658,2022-11-11
981,6977.0,6977.0,6093.0,6200.0,1426711,2022-11-14
982,5994.0,5994.0,5307.0,5600.0,2226316,2022-11-15
983,5601.0,6388.0,4914.0,6000.0,1392998,2022-11-16
984,6289.0,6879.0,6191.0,6700.0,852562,2022-11-17
985,6682.0,7272.0,6289.0,6800.0,1650034,2022-11-18
986,6977.0,7469.0,6977.0,7300.0,822062,2022-11-21
987,7469.0,8156.0,7272.0,7800.0,1394097,2022-11-22
988,7567.0,7763.0,7075.0,7400.0,644137,2022-11-23
989,7370.0,7469.0,6879.0,7200.0,610836,2022-11-24
990,7469.0,7862.0,7272.0,7600.0,974780,2022-11-25
991,7862.0,8648.0,7665.0,8400.0,2043724,2022-11-28
992,8648.0,9139.0,8255.0,8800.0,1723492,2022-11-29
993,8844.0,9237.0,8549.0,8900.0,1588091,2022-11-30
994,9041.0,9336.0,8648.0,9000.0,1903667,2022-12-01
995,8648.0,9237.0,8451.0,8800.0,2196040,2022-12-02
996,9434.0,9925.0,9041.0,9400.0,1899983,2022-12-05
997,9630.0,9630.0,8549.0,9000.0,2669311,2022-12-06
998,8549.0,8844.0,8058.0,8500.0,1348758,2022-12-07
999,8451.0,8943.0,8353.0,8800.0,1177631,2022-12-08
1000,8648.0,9630.0,8648.0,9300.0,2556616,2022-12-09
1001,9434.0,10220.0,9434.0,9900.0,2416201,2022-12-12
1002,9729.0,10024.0,9041.0,9500.0,2136973,2022-12-13
1003,9729.0,10122.0,9434.0,9700.0,1312631,2022-12-14
1004,9729.0,9925.0,9434.0,9600.0,867692,2022-12-15
1005,9630.0,10417.0,9336.0,10000.0,2516407,2022-12-16
1006,10024.0,10122.0,9434.0,9800.0,1554078,2022-12-19
1007,9532.0,9630.0,8746.0,9100.0,2237568,2022-12-20
1008,9041.0,9237.0,8156.0,8700.0,1344549,2022-12-21
1009,8648.0,9041.0,8549.0,8800.0,629839,2022-12-22
1010,8746.0,9041.0,8549.0,8700.0,493746,2022-12-23
1011,8844.0,9237.0,8549.0,9000.0,1818778,2022-12-26
1012,8746.0,9237.0,8648.0,9000.0,771028,2022-12-27
1013,9139.0,9139.0,8648.0,8900.0,654684,2022-12-28
1014,8746.0,9434.0,8648.0,9200.0,1119875,2022-12-29
1015,8844.0,9532.0,8746.0,9300.0,1343544,2022-12-30
1016,9434.0,10515.0,9434.0,10100.0,3504611,2023-01-03
1017,10515.0,11105.0,10417.0,10700.0,3137312,2023-01-04
1018,10515.0,10810.0,10122.0,10500.0,3312764,2023-01-05
1019,10613.0,10908.0,10220.0,10600.0,2172309,2023-01-06
1020,10515.0,10908.0,10220.0,10500.0,1817522,2023-01-09
1021,10515.0,11301.0,10122.0,10900.0,5768623,2023-01-10
1022,11105.0,11399.0,10810.0,11100.0,2297184,2023-01-11
1023,10908.0,11203.0,10711.0,11000.0,2513083,2023-01-12
1024,11105.0,11399.0,10908.0,11100.0,2087961,2023-01-13
1025,11105.0,11792.0,11105.0,11500.0,3661504,2023-01-16
1026,11596.0,12284.0,11498.0,12000.0,3183788,2023-01-17
1027,12185.0,12284.0,11891.0,12100.0,2300817,2023-01-18
1028,12087.0,12087.0,11792.0,11900.0,2448535,2023-01-19
1029,12087.0,12677.0,11989.0,12300.0,3314239,2023-01-27
1030,12185.0,12579.0,11891.0,12200.0,3916014,2023-01-30
1031,11989.0,12382.0,11694.0,12000.0,3410049,2023-01-31
1032,12284.0,12480.0,11006.0,11800.0,3673841,2023-02-01
1033,11399.0,11694.0,10711.0,11200.0,3068522,2023-02-02
1034,11399.0,11891.0,11203.0,11500.0,2893727,2023-02-03
1035,11498.0,11596.0,11203.0,11400.0,995211,2023-02-06
1036,11498.0,11596.0,10613.0,11000.0,3214084,2023-02-07
1037,10613.0,11203.0,10220.0,10700.0,3261873,2023-02-08
1038,10908.0,11006.0,10613.0,10800.0,1104073,2023-02-09
1039,10613.0,10908.0,10417.0,10600.0,2144108,2023-02-10
1040,10515.0,10515.0,9729.0,10000.0,2853751,2023-02-13
1041,10024.0,10318.0,10024.0,10200.0,1008047,2023-02-14
1042,10220.0,11105.0,10122.0,10900.0,4457209,2023-02-15
1043,11105.0,11301.0,10908.0,11100.0,2120592,2023-02-16
1044,11105.0,11498.0,10908.0,11200.0,4384301,2023-02-17
1045,11399.0,11694.0,11399.0,11500.0,2919586,2023-02-20
1046,11694.0,12284.0,11498.0,11900.0,7113109,2023-02-21
1047,11792.0,11989.0,11203.0,11600.0,5599689,2023-02-22
1048,11301.0,11498.0,10711.0,11100.0,4172089,2023-02-23
1049,11399.0,11399.0,10810.0,11100.0,1806341,2023-02-24
1050,11105.0,11105.0,10417.0,10600.0,2156038,2023-02-27
1051,10711.0,10810.0,10417.0,10600.0,1395766,2023-02-28
